"Path","Platform","Compiled","Cooked","Permutations","Compiletime","CompiledDouble","CookedDouble"
"Globals","0","33","0","1","0.000000","0","0"
"/ControlRig/Controls/ControlRigGizmoMaterial.ControlRigGizmoMaterial","0","2","2","1","4.417704","0","2"
"/Engine/EngineMaterials/DefaultLightFunctionMaterial.DefaultLightFunctionMaterial","0","25","25","1","11.859146","0","25"
"/MeshModelingToolset/Materials/M_DynamicMeshComponentVtxColor.M_DynamicMeshComponentVtxColor","0","7","9","1","56.510090","0","9"
"/Engine/VREditor/TransformGizmo/TransformGizmoMaterial.TransformGizmoMaterial","0","2","2","1","3.184406","0","2"
"/Engine/EngineDebugMaterials/M_VolumeRenderSphereTracePP.M_VolumeRenderSphereTracePP","0","5","5","1","2.077328","0","5"
"/Engine/EngineMaterials/Widget3DPassThrough.Widget3DPassThrough","0","41","46","6","73.503815","0","46"
"/HairStrands/Materials/HairDebugMaterial.HairDebugMaterial","0","57","63","1","65.487312","0","63"
"/Engine/EngineSky/VolumetricClouds/m_SimpleVolumetricCloud.m_SimpleVolumetricCloud","0","88","88","1","4.959102","0","88"
"/Engine/EngineMaterials/DefaultPostProcessMaterial.DefaultPostProcessMaterial","0","7","7","1","5.188019","0","7"
"/Engine/EngineMaterials/DefaultDeferredDecalMaterial.DefaultDeferredDecalMaterial","0","33","33","1","30.461201","0","33"
"/Engine/EngineMaterials/DefaultMaterial.DefaultMaterial","0","24","24","1","48.843967","0","24"
"/Engine/EngineMaterials/WorldGridMaterial.WorldGridMaterial","0","333","0","1","0.000000","0","0"
"/Engine/EditorMaterials/PhAT_UnselectedMaterial.PhAT_UnselectedMaterial","0","3","3","1","1.052794","0","3"
"/Engine/EditorMaterials/PhAT_NoCollisionMaterial.PhAT_NoCollisionMaterial","0","3","3","1","4.012094","0","3"
"/Engine/EngineMaterials/NaniteHiddenSectionMaterial.NaniteHiddenSectionMaterial","0","12","14","1","21.510859","0","14"
"/Engine/VREditor/TransformGizmo/Xray.Xray","0","3","3","1","1.892702","0","3"
"/Engine/VREditor/TransformGizmo/Main.Main","0","3","3","1","2.992353","0","3"
"/Paper2D/DefaultSpriteMaterial.DefaultSpriteMaterial","0","36","42","2","67.039841","0","42"
"/Game/FAB/FreeFurniturePack/Materials/M_Classic_Leather_armchair.M_Classic_Leather_armchair","0","3","3","1","7.320479","0","3"
"/Game/FirstPersonArms/Character/Materials/M_Mannequin.M_Mannequin","0","16","20","2","38.474724","0","20"
"/Engine/EngineMaterials/GizmoMaterial.GizmoMaterial","0","5","6","1","13.039009","0","6"
"/Game/FAB/Modern_House_V1/Materials/M_light.M_light","0","3","3","1","5.198551","0","3"
"/Engine/EngineDebugMaterials/DebugMeshMaterial.DebugMeshMaterial","0","5","5","1","9.592861","0","5"
"/Game/CR/LQ/AMT_Materials/M_Master/M_Master.M_Master","0","12","12","1","22.725325","0","12"
"/ControlRig/M_Manip.M_Manip","0","6","7","1","15.826785","0","7"
"/Engine/EngineMaterials/EmissiveMeshMaterial.EmissiveMeshMaterial","0","10","10","1","19.605871","0","10"
"/Engine/EngineMaterials/FlattenMaterial_VT.FlattenMaterial_VT","0","6","6","1","10.265732","0","6"
"/Engine/EngineMaterials/FlattenMaterial.FlattenMaterial","0","9","9","1","13.021301","0","9"
"/Engine/EngineMaterials/PhAT_JointLimitMaterial.PhAT_JointLimitMaterial","0","6","7","1","15.699506","0","7"
"/Engine/EngineMaterials/RemoveSurfaceMaterial.RemoveSurfaceMaterial","0","2","2","1","2.535654","0","2"
"/Game/FAB/FreeFurniturePack/Materials/M_Chrome.M_Chrome","0","3","3","1","5.220725","0","3"
"/Engine/EngineMaterials/FlattenMaterial_WS_Normal_VT.FlattenMaterial_WS_Normal_VT","0","6","6","1","10.706256","0","6"
"/HairStrands/Materials/HairMeshesDefaultMaterial.HairMeshesDefaultMaterial","0","33","36","1","63.849102","0","36"
"/HairStrands/Materials/HairDefaultMaterial.HairDefaultMaterial","0","33","36","1","0.000000","0","36"
"/InterchangeAssets/gltf/M_Sheen.M_Sheen","0","102","112","6","366.176788","0","112"
"/ControlRig/Controls/ControlRigXRayMaterial.ControlRigXRayMaterial","0","6","7","1","11.072893","0","7"
"/Engine/EditorMaterials/Dataflow/DataflowTwoSidedVertexMaterial.DataflowTwoSidedVertexMaterial","0","12","14","1","12.474979","0","14"
"/InterchangeAssets/gltf/M_ClearCoat.M_ClearCoat","0","110","128","6","450.108673","0","128"
"/Engine/EditorMaterials/Dataflow/DataflowVertexMaterial.DataflowVertexMaterial","0","6","6","1","3.886839","0","6"
"/InterchangeAssets/gltf/M_Default.M_Default","0","126","148","8","574.985535","0","148"
"/Engine/BasicShapes/BasicShapeMaterial.BasicShapeMaterial","0","9","9","1","16.326328","0","9"
"/InterchangeAssets/gltf/M_SpecularGlossiness.M_SpecularGlossiness","0","102","112","6","396.052948","0","112"
"/InterchangeAssets/gltf/M_Transmission.M_Transmission","0","40","40","3","597.034424","0","40"
"/Engine/OpenWorldTemplate/LandscapeMaterial/M_ProcGrid.M_ProcGrid","0","6","6","2","7.307845","0","6"
"/HairStrands/Materials/HairCardsDefaultMaterial.HairCardsDefaultMaterial","0","57","63","1","96.904282","0","63"
"/Engine/EngineDebugMaterials/DebugEditorMaterial.DebugEditorMaterial","0","5","6","1","3.909575","0","6"
"/Engine/EditorLandscapeResources/SplineEditorMeshMat.SplineEditorMeshMat","0","10","12","1","10.895640","0","12"
"/Engine/EngineDebugMaterials/M_SimpleUnlitTranslucent.M_SimpleUnlitTranslucent","0","3","3","1","0.994024","0","3"
"/Engine/EngineSky/M_SimpleSkyDome.M_SimpleSkyDome","0","2","2","1","1.005223","0","2"
"/Engine/EditorMaterials/Camera/CineMat.CineMat","0","6","6","1","5.138559","0","6"
"/Game/FAB/Modern_House_V1/Materials/M_Metal_2.M_Metal_2","0","6","6","2","2.518760","0","6"
"/Game/FAB/Modern_House_V1/Materials/M_Metal_1.M_Metal_1","0","6","6","2","0.000000","0","6"
"/Engine/VREditor/TransformGizmo/TranslucentTransformGizmoMaterial.TranslucentTransformGizmoMaterial","0","3","3","1","0.964292","0","3"
"/Game/FAB/StylizedKitchen/Materials/MM_Basic.MM_Basic","0","168","192","3","127.138733","0","192"
"/Game/FAB/FreeFurniturePack/Materials/M_Classic_Picture.M_Classic_Picture","0","3","3","1","2.524091","0","3"
"/Game/FAB/JapaneseFurniture_Modern/Materials/M_MasterSurface.M_MasterSurface","0","6","6","2","5.559237","0","6"
"/Game/FAB/FreeFurniturePack/Materials/M_Modern_Table_bottom.M_Modern_Table_bottom","0","3","3","1","1.870849","0","3"
"/Engine/EngineMaterials/M_InvalidLightmapSettings.M_InvalidLightmapSettings","0","6","6","1","4.614806","0","6"
"/Game/FAB/JapaneseFurniture_Modern/Materials/M_Generic.M_Generic","0","3","3","1","1.847645","0","3"
"/Game/FAB/StylizedKitchen/Materials/MM_Metal_Can_A.MM_Metal_Can_A","0","3","3","1","1.765204","0","3"
"/InterchangeAssets/gltf/M_Unlit.M_Unlit","0","82","92","6","65.758911","0","92"
"/Game/FAB/FreeFurniturePack/Materials/MM_Modern_Sofa.MM_Modern_Sofa","0","3","3","1","2.666025","0","3"
"/Game/FAB/StylizedKitchen/Materials/MM_Base01.MM_Base01","0","9","10","2","8.698015","0","10"
"/Game/FAB/StylizedKitchen/Materials/MM_Glass.MM_Glass","0","10","10","1","30.281315","0","10"
"/Game/FAB/FreeFurniturePack/Materials/M_Modern_Table_top.M_Modern_Table_top","0","3","3","1","2.075050","0","3"
"/Game/FAB/StylizedKitchen/Materials/MM_Glass02.MM_Glass02","0","8","8","1","28.434919","0","8"
"/Game/FAB/Modern_House_V1/Materials/M_Metal_5.M_Metal_5","0","3","3","1","2.760560","0","3"
"/Game/FAB/JapaneseFurniture_Modern/Materials/M_Glass.M_Glass","0","8","8","1","34.670403","0","8"
"/Engine/EngineSky/M_Sky_Panning_Clouds2.M_Sky_Panning_Clouds2","0","2","2","1","1.814562","0","2"
"/Engine/EngineMaterials/PPM_DefaultCalibrationGrayscale.PPM_DefaultCalibrationGrayscale","0","5","5","1","2.073481","0","5"
"/Game/FAB/StylizedKitchen/Materials/MM_Grass.MM_Grass","0","28","32","2","28.363400","0","32"
"/Engine/EngineMaterials/PPM_DefaultCalibrationColor.PPM_DefaultCalibrationColor","0","5","5","1","1.145201","0","5"
"/Game/FAB/FreeFurniturePack/Materials/M_Art_2.M_Art_2","0","3","3","1","2.538211","0","3"
"/Game/FAB/FreeFurniturePack/Materials/M_Classic_chair.M_Classic_chair","0","3","3","1","2.996485","0","3"
"/Game/FAB/JapaneseFurniture_Modern/Materials/M_Master_Masked.M_Master_Masked","0","3","3","1","2.899189","0","3"
"/Game/FAB/Weapons_Free/Materials/M_Material.M_Material","0","3","3","1","2.098214","0","3"
"/Game/FAB/Modern_House_V1/Materials/M_Wood_1.M_Wood_1","0","3","3","1","3.104674","0","3"
"/Game/FAB/Modern_House_V1/Materials/M_Porcelain_1.M_Porcelain_1","0","3","3","1","2.912379","0","3"
"/Game/FAB/Modern_House_V1/Materials/M_Color_1.M_Color_1","0","3","3","1","2.278626","0","3"
"/Game/FAB/Modern_House_V1/Materials/M_Fabric_1.M_Fabric_1","0","3","3","1","0.000000","0","3"
"/Game/FAB/Modern_House_V1/Materials/M_Fabric_3.M_Fabric_3","0","3","3","1","0.000000","0","3"
"/Game/FAB/Modern_House_V1/Materials/M_Plaster_1.M_Plaster_1","0","3","3","1","0.000000","0","3"
"/Game/FAB/Modern_House_V1/Materials/M_Wood_4.M_Wood_4","0","3","3","1","0.000000","0","3"
"/Game/FAB/Modern_House_V1/Materials/M_Plastic_1.M_Plastic_1","0","3","3","1","2.997400","0","3"
"/Game/FAB/Modern_House_V1/Materials/M_Texture_3.M_Texture_3","0","3","3","1","0.000000","0","3"
"/Game/FAB/Modern_House_V1/Materials/M_Porcelain_2.M_Porcelain_2","0","3","3","1","0.000000","0","3"
"/Game/FAB/Modern_House_V1/Materials/M_Wood_6.M_Wood_6","0","3","3","1","0.000000","0","3"
"/Game/FAB/Modern_House_V1/Materials/M_Wood_3.M_Wood_3","0","3","3","1","0.000000","0","3"
"/Game/FAB/Modern_House_V1/Materials/M_Texture_2.M_Texture_2","0","3","3","1","0.000000","0","3"
"/Game/FAB/Modern_House_V1/Materials/M_Wood_2.M_Wood_2","0","3","3","1","0.000000","0","3"
"/Game/FAB/Modern_House_V1/Materials/M_Texture_1.M_Texture_1","0","3","3","1","0.000000","0","3"
"/Game/FAB/Modern_House_V1/Materials/M_Wood_7.M_Wood_7","0","3","3","1","0.000000","0","3"
"/AudioWidgets/AudioMaterialSlate/M_AudioMaterialEnvelope_ADSR.M_AudioMaterialEnvelope_ADSR","0","23","25","1","34.203163","0","25"
"/AudioWidgets/AudioMaterialSlate/M_AudioMaterialToggleButton.M_AudioMaterialToggleButton","0","13","13","1","6.962217","0","13"
"/Engine/VREditor/SnapGrid/SnapGridMaterial.SnapGridMaterial","0","10","10","1","10.009285","0","10"
"/AudioWidgets/AudioMaterialSlate/M_AudioMaterialMeter.M_AudioMaterialMeter","0","13","13","1","5.717431","0","13"
"/Engine/EditorMaterials/PreviewShadowIndicatorMaterial.PreviewShadowIndicatorMaterial","0","25","25","1","12.524318","0","25"
"/Engine/EngineMaterials/DefaultTextMaterialOpaque.DefaultTextMaterialOpaque","0","14","16","1","24.217009","0","16"
"/Game/FAB/Modern_House_V1/Materials/M_Glass.M_Glass","0","10","10","1","48.225838","0","10"
"/SpeedTreeImporter/SpeedTree9/SpeedTreeBillboardMaster.SpeedTreeBillboardMaster","0","28","32","1","121.969437","0","32"
"/SpeedTreeImporter/SpeedTree9/SpeedTreeMaster.SpeedTreeMaster","0","28","32","1","121.366241","0","32"
"/AudioWidgets/AudioMaterialSlate/M_AudioMaterialRoundedSlider.M_AudioMaterialRoundedSlider","0","23","25","1","45.792007","0","25"
"/AudioWidgets/AudioMaterialSlate/M_AudioMaterialKnob.M_AudioMaterialKnob","0","13","13","1","19.915625","0","13"
"Globals","49","10300","0","1","0.000000","0","0"
"/ControlRig/Controls/ControlRigGizmoMaterial.ControlRigGizmoMaterial","49","7","7","1","14.667381","0","7"
"/MeshModelingToolset/Materials/M_DynamicMeshComponentVtxColor.M_DynamicMeshComponentVtxColor","49","12","14","1","13.730836","0","14"
"","49","64","0","1","0.000000","65","0"
"/Engine/EditorMaterials/PhAT_UnselectedMaterial.PhAT_UnselectedMaterial","49","8","8","1","18.750860","0","8"
"/Engine/EngineMaterials/NaniteHiddenSectionMaterial.NaniteHiddenSectionMaterial","49","19","21","1","21.577047","0","21"
"/Engine/EditorMaterials/PhAT_NoCollisionMaterial.PhAT_NoCollisionMaterial","49","8","8","1","6.398789","0","8"
"/Engine/EngineMaterials/GizmoMaterial.GizmoMaterial","49","10","11","1","5.664721","0","11"
"/Engine/EngineDebugMaterials/DebugMeshMaterial.DebugMeshMaterial","49","10","10","1","4.981501","0","10"
"/Engine/EngineMaterials/RemoveSurfaceMaterial.RemoveSurfaceMaterial","49","7","7","1","6.258440","0","7"
"/HairStrands/Materials/HairMeshesDefaultMaterial.HairMeshesDefaultMaterial","49","42","45","1","74.275200","0","45"
"/ControlRig/Controls/ControlRigXRayMaterial.ControlRigXRayMaterial","49","11","12","1","23.070246","0","12"
"/Engine/EngineMaterials/DefaultLightFunctionMaterial.DefaultLightFunctionMaterial","49","67","67","1","0.000000","0","67"
"/Engine/EditorMaterials/Dataflow/DataflowTwoSidedVertexMaterial.DataflowTwoSidedVertexMaterial","49","17","19","1","35.816212","0","19"
"/Engine/EditorMaterials/Dataflow/DataflowVertexMaterial.DataflowVertexMaterial","49","11","11","1","18.592436","0","11"
"/Engine/BasicShapes/BasicShapeMaterial.BasicShapeMaterial","49","27","27","1","60.718761","0","27"
"/HairStrands/Materials/HairCardsDefaultMaterial.HairCardsDefaultMaterial","49","72","78","1","127.637505","0","78"
"/HairStrands/Materials/HairDefaultMaterial.HairDefaultMaterial","49","42","45","1","0.000000","0","45"
"/Engine/EngineDebugMaterials/DebugEditorMaterial.DebugEditorMaterial","49","10","11","1","25.734928","0","11"
"/Engine/EditorLandscapeResources/SplineEditorMeshMat.SplineEditorMeshMat","49","22","24","1","66.219498","0","24"
"/Engine/EngineDebugMaterials/M_SimpleUnlitTranslucent.M_SimpleUnlitTranslucent","49","8","8","1","11.748028","0","8"
"/Engine/EditorMaterials/Camera/CineMat.CineMat","49","14","14","1","14.131258","0","14"
"/Engine/VREditor/TransformGizmo/TranslucentTransformGizmoMaterial.TranslucentTransformGizmoMaterial","49","8","8","1","7.064592","0","8"
"/Engine/VREditor/TransformGizmo/Xray.Xray","49","8","8","1","7.466099","0","8"
"/Engine/VREditor/TransformGizmo/Main.Main","49","8","8","1","6.703320","0","8"
"/Engine/EngineSky/M_SimpleSkyDome.M_SimpleSkyDome","49","7","7","1","3.504137","0","7"
"/Game/FAB/FreeFurniturePack/Materials/M_Modern_Table_bottom.M_Modern_Table_bottom","49","8","8","1","3.651417","0","8"
"/Engine/EngineMaterials/M_InvalidLightmapSettings.M_InvalidLightmapSettings","49","16","16","1","13.152956","0","16"
"/Game/FAB/StylizedKitchen/Materials/MM_Metal_Can_A.MM_Metal_Can_A","49","8","8","1","4.791646","0","8"
"/Game/FAB/JapaneseFurniture_Modern/Materials/M_Generic.M_Generic","49","8","8","1","26.360979","0","8"
"/Game/FAB/FreeFurniturePack/Materials/M_Chrome.M_Chrome","49","8","8","1","8.052704","0","8"
"/Engine/EngineMaterials/FlattenMaterial_WS_Normal_VT.FlattenMaterial_WS_Normal_VT","49","16","16","1","74.468788","0","16"
"/Engine/EngineMaterials/FlattenMaterial_VT.FlattenMaterial_VT","49","16","16","1","62.274208","0","16"
"/Engine/EngineMaterials/FlattenMaterial.FlattenMaterial","49","22","22","1","55.150372","0","22"
"/Engine/EngineMaterials/EmissiveMeshMaterial.EmissiveMeshMaterial","49","17","17","1","24.318998","0","17"
"/Engine/EngineMaterials/PhAT_JointLimitMaterial.PhAT_JointLimitMaterial","49","11","12","1","33.806347","0","12"
"/ControlRig/M_Manip.M_Manip","49","11","12","1","10.995626","0","12"
"/Paper2D/DefaultSpriteMaterial.DefaultSpriteMaterial","49","56","62","2","38.651154","0","62"
"/Engine/EngineMaterials/WorldGridMaterial.WorldGridMaterial","49","993","1016","1","0.000000","0","0"
"/Engine/VREditor/TransformGizmo/TransformGizmoMaterial.TransformGizmoMaterial","49","7","7","1","5.891735","0","7"
"/Engine/EngineDebugMaterials/M_VolumeRenderSphereTracePP.M_VolumeRenderSphereTracePP","49","7","7","1","5.110163","0","7"
"/Engine/EngineMaterials/Widget3DPassThrough.Widget3DPassThrough","49","75","80","6","61.400734","0","80"
"/HairStrands/Materials/HairDebugMaterial.HairDebugMaterial","49","72","78","1","57.963223","0","78"
"/Engine/EngineSky/VolumetricClouds/m_SimpleVolumetricCloud.m_SimpleVolumetricCloud","49","92","92","1","0.000000","0","92"
"/Engine/EngineMaterials/DefaultPostProcessMaterial.DefaultPostProcessMaterial","49","9","9","1","0.000000","0","9"
"/Engine/EngineMaterials/DefaultDeferredDecalMaterial.DefaultDeferredDecalMaterial","49","40","40","1","0.000000","0","40"
"/Engine/EngineMaterials/DefaultMaterial.DefaultMaterial","49","45","45","1","19.585920","0","45"
"/Game/CR/LQ/AMT_Materials/M_Master/M_Master.M_Master","49","25","25","1","64.066696","0","25"
"/Game/FAB/Modern_House_V1/Materials/M_light.M_light","49","8","8","1","3.791336","0","8"
"/Engine/EngineMaterials/PPM_DefaultCalibrationColor.PPM_DefaultCalibrationColor","49","7","7","1","3.583635","0","7"
"/Engine/EngineMaterials/PPM_DefaultCalibrationGrayscale.PPM_DefaultCalibrationGrayscale","49","7","7","1","3.697284","0","7"
"/Game/FAB/JapaneseFurniture_Modern/Materials/M_Glass.M_Glass","49","17","17","1","12.880750","0","17"
"/Game/FAB/StylizedKitchen/Materials/MM_Glass02.MM_Glass02","49","17","17","1","12.038918","0","17"
"/Game/FAB/FreeFurniturePack/Materials/M_Modern_Table_top.M_Modern_Table_top","49","8","8","1","4.647756","0","8"
"/Engine/EngineMaterials/DefaultTextMaterialOpaque.DefaultTextMaterialOpaque","49","21","23","1","8.962393","0","23"
"/Game/FAB/Modern_House_V1/Materials/M_Glass.M_Glass","49","19","19","1","14.348701","0","19"
"/Engine/VREditor/SnapGrid/SnapGridMaterial.SnapGridMaterial","49","18","18","1","21.039927","0","18"
"/AudioWidgets/AudioMaterialSlate/M_AudioMaterialMeter.M_AudioMaterialMeter","49","15","15","1","12.655822","0","15"
"/AudioWidgets/AudioMaterialSlate/M_AudioMaterialRoundedSlider.M_AudioMaterialRoundedSlider","49","27","29","1","22.432068","0","29"
"/AudioWidgets/AudioMaterialSlate/M_AudioMaterialEnvelope_ADSR.M_AudioMaterialEnvelope_ADSR","49","27","29","1","23.130030","0","29"
"/AudioWidgets/AudioMaterialSlate/M_AudioMaterialKnob.M_AudioMaterialKnob","49","15","15","1","15.514209","0","15"
"/AudioWidgets/AudioMaterialSlate/M_AudioMaterialToggleButton.M_AudioMaterialToggleButton","49","15","15","1","7.724303","0","15"
"/SpeedTreeImporter/SpeedTree9/SpeedTreeBillboardMaster.SpeedTreeBillboardMaster","49","42","46","1","59.799644","0","46"
"/SpeedTreeImporter/SpeedTree9/SpeedTreeMaster.SpeedTreeMaster","49","42","46","1","64.534920","0","46"
"/Game/FAB/FreeFurniturePack/Materials/M_Art_2.M_Art_2","49","8","8","1","5.398683","0","8"
"/Game/FAB/JapaneseFurniture_Modern/Materials/M_MasterSurface.M_MasterSurface","49","16","16","2","15.846090","0","16"
"/Engine/EngineSky/M_Sky_Panning_Clouds2.M_Sky_Panning_Clouds2","49","7","7","1","6.288390","0","7"
"/Game/FAB/Weapons_Free/Materials/M_Material.M_Material","49","8","8","1","3.888894","0","8"
"/Game/FAB/Modern_House_V1/Materials/M_Wood_1.M_Wood_1","49","8","8","1","3.898202","0","8"
"/Game/FAB/Modern_House_V1/Materials/M_Porcelain_1.M_Porcelain_1","49","8","8","1","7.723156","0","8"
"/Engine/EditorMaterials/PreviewShadowIndicatorMaterial.PreviewShadowIndicatorMaterial","49","67","67","1","41.573414","0","67"
"/Game/FAB/FreeFurniturePack/Materials/M_Classic_chair.M_Classic_chair","49","8","8","1","6.381198","0","8"
"/Game/FAB/FreeFurniturePack/Materials/M_Classic_Leather_armchair.M_Classic_Leather_armchair","49","8","8","1","0.000000","0","8"
"/Game/FAB/Modern_House_V1/Materials/M_Color_1.M_Color_1","49","8","8","1","3.960831","0","8"
"/Game/FAB/Modern_House_V1/Materials/M_Fabric_1.M_Fabric_1","49","8","8","1","0.000000","0","8"
"/Game/FAB/JapaneseFurniture_Modern/Materials/M_Master_Masked.M_Master_Masked","49","8","8","1","8.739427","0","8"
"/Game/FAB/StylizedKitchen/Materials/MM_Grass.MM_Grass","49","42","46","2","24.353928","0","46"
"/Game/FAB/Modern_House_V1/Materials/M_Fabric_3.M_Fabric_3","49","8","8","1","0.000000","0","8"
"/Game/FAB/Modern_House_V1/Materials/M_Metal_1.M_Metal_1","49","16","16","2","0.000000","0","16"
"/Game/FAB/Modern_House_V1/Materials/M_Plaster_1.M_Plaster_1","49","8","8","1","0.000000","0","8"
"/Game/FAB/Modern_House_V1/Materials/M_Wood_4.M_Wood_4","49","8","8","1","0.000000","0","8"
"/Game/FAB/Modern_House_V1/Materials/M_Plastic_1.M_Plastic_1","49","8","8","1","6.222812","0","8"
"/Game/FAB/Modern_House_V1/Materials/M_Texture_3.M_Texture_3","49","8","8","1","0.000000","0","8"
"/Game/FAB/Modern_House_V1/Materials/M_Porcelain_2.M_Porcelain_2","49","8","8","1","0.000000","0","8"
"/InterchangeAssets/gltf/M_Unlit.M_Unlit","49","202","212","6","481.553314","0","212"
"/Game/FirstPersonArms/Character/Materials/M_Mannequin.M_Mannequin","49","26","30","2","18.433788","0","30"
"/InterchangeAssets/gltf/M_Default.M_Default","49","190","212","8","392.873535","0","212"
"/InterchangeAssets/gltf/M_Transmission.M_Transmission","49","79","79","3","318.023926","0","79"
"/InterchangeAssets/gltf/M_SpecularGlossiness.M_SpecularGlossiness","49","156","166","6","304.100037","0","166"
"/Game/FAB/Modern_House_V1/Materials/M_Metal_5.M_Metal_5","49","8","8","1","3.917268","0","8"
"/Game/FAB/Modern_House_V1/Materials/M_Metal_2.M_Metal_2","49","16","16","2","8.272923","0","16"
"/Game/FAB/Modern_House_V1/Materials/M_Wood_6.M_Wood_6","49","8","8","1","0.000000","0","8"
"/Game/FAB/Modern_House_V1/Materials/M_Wood_3.M_Wood_3","49","8","8","1","0.000000","0","8"
"/Game/FAB/StylizedKitchen/Materials/MM_Glass.MM_Glass","49","19","19","1","11.139899","0","19"
"/Game/FAB/StylizedKitchen/Materials/MM_Basic.MM_Basic","49","222","246","3","251.299728","0","246"
"/Game/FAB/StylizedKitchen/Materials/MM_Base01.MM_Base01","49","19","20","2","12.187288","0","20"
"/Game/FAB/Modern_House_V1/Materials/M_Texture_2.M_Texture_2","49","8","8","1","0.000000","0","8"
"/Game/FAB/Modern_House_V1/Materials/M_Wood_2.M_Wood_2","49","8","8","1","0.000000","0","8"
"/Game/FAB/Modern_House_V1/Materials/M_Texture_1.M_Texture_1","49","8","8","1","0.000000","0","8"
"/Game/FAB/Modern_House_V1/Materials/M_Wood_7.M_Wood_7","49","8","8","1","0.000000","0","8"
"/Game/FAB/FreeFurniturePack/Materials/MM_Modern_Sofa.MM_Modern_Sofa","49","8","8","1","4.037296","0","8"
"/Engine/OpenWorldTemplate/LandscapeMaterial/M_ProcGrid.M_ProcGrid","49","26","26","2","86.286179","0","26"
"/Game/FAB/FreeFurniturePack/Materials/M_Classic_Picture.M_Classic_Picture","49","8","8","1","8.176435","0","8"
"/InterchangeAssets/gltf/M_ClearCoat.M_ClearCoat","49","164","182","6","364.292572","0","182"
"/InterchangeAssets/gltf/M_Sheen.M_Sheen","49","156","166","6","351.637054","0","166"
